<?xml version="1.0" encoding="UTF-8"?>
<!--This is a Reload version 2.5.5 SCORM 1.2 Content Package document-->
<!--Spawned from the Reload Content Package Generator - http://www.reload.ac.uk-->
<manifest xmlns="http://www.imsproject.org/xsd/imscp_rootv1p1p2" xmlns:imsmd="http://www.imsglobal.org/xsd/imsmd_v1p2" xmlns:xsi="http://www.w3.org/2001/XMLSchema-instance" xmlns:adlcp="http://www.adlnet.org/xsd/adlcp_rootv1p2" identifier="MANIFEST-C0730AC0E28675F2BD22BE154BCB21BD" xsi:schemaLocation="http://www.imsproject.org/xsd/imscp_rootv1p1p2 imscp_rootv1p1p2.xsd http://www.imsglobal.org/xsd/imsmd_v1p2 imsmd_v1p2p2.xsd http://www.adlnet.org/xsd/adlcp_rootv1p2 adlcp_rootv1p2.xsd">
  <metadata>
    <imsmd:lom>
      <imsmd:general>
        <imsmd:identifier>Objetos de Aprendizaje - Seguridad de Windows Vista</imsmd:identifier>
        <imsmd:title>
          <imsmd:langstring xml:lang="en">Control de Cuentas de Usuario</imsmd:langstring>
        </imsmd:title>
        <imsmd:language>es</imsmd:language>
        <imsmd:description>
          <imsmd:langstring xml:lang="en">Objeto de aprendizaje que enseñará a configurar el control de cuentas de usuario para plataformas Windows Vista</imsmd:langstring>
        </imsmd:description>
        <imsmd:keyword>
          <imsmd:langstring xml:lang="en">AUC, permisos, configuracion, Privilegios, Token, Credenciales</imsmd:langstring>
        </imsmd:keyword>
      </imsmd:general>
      <imsmd:lifecycle>
        <imsmd:version>
          <imsmd:langstring xml:lang="en">1.0</imsmd:langstring>
        </imsmd:version>
        <imsmd:status>
          <imsmd:source>
            <imsmd:langstring xml:lang="en">LOMv1.0</imsmd:langstring>
          </imsmd:source>
          <imsmd:value>
            <imsmd:langstring xml:lang="en">Final</imsmd:langstring>
          </imsmd:value>
        </imsmd:status>
        <imsmd:contribute>
          <imsmd:role>
            <imsmd:source>
              <imsmd:langstring xml:lang="en">LOMv1.0</imsmd:langstring>
            </imsmd:source>
            <imsmd:value>
              <imsmd:langstring xml:lang="en">Author</imsmd:langstring>
            </imsmd:value>
          </imsmd:role>
          <imsmd:centity>
            <imsmd:vcard>Carlos Enrique Vargas - Paula Prada Alvarez</imsmd:vcard>
          </imsmd:centity>
          <imsmd:date>
            <imsmd:datetime>23/11/2009</imsmd:datetime>
          </imsmd:date>
        </imsmd:contribute>
      </imsmd:lifecycle>
      <imsmd:technical>
        <imsmd:format>application/x-shockwave-flash</imsmd:format>
        <imsmd:size>1350</imsmd:size>
        <imsmd:location>Universidad San Buenaventura</imsmd:location>
        <imsmd:requirement>
          <imsmd:type>
            <imsmd:source>
              <imsmd:langstring xml:lang="en">LOMv1.0</imsmd:langstring>
            </imsmd:source>
            <imsmd:value>
              <imsmd:langstring xml:lang="en">Browser</imsmd:langstring>
            </imsmd:value>
          </imsmd:type>
          <imsmd:name>
            <imsmd:source>
              <imsmd:langstring xml:lang="en">LOMv1.0</imsmd:langstring>
            </imsmd:source>
            <imsmd:value>
              <imsmd:langstring xml:lang="en">Microsoft Internet Explorer</imsmd:langstring>
            </imsmd:value>
          </imsmd:name>
          <imsmd:minimumversion>6.0</imsmd:minimumversion>
          <imsmd:maximumversion>Ultima</imsmd:maximumversion>
        </imsmd:requirement>
      </imsmd:technical>
      <imsmd:educational>
        <imsmd:interactivitytype>
          <imsmd:source>
            <imsmd:langstring xml:lang="en">LOMv1.0</imsmd:langstring>
          </imsmd:source>
          <imsmd:value>
            <imsmd:langstring xml:lang="en">Mixed</imsmd:langstring>
          </imsmd:value>
        </imsmd:interactivitytype>
        <imsmd:learningresourcetype>
          <imsmd:source>
            <imsmd:langstring xml:lang="en">LOMv1.0</imsmd:langstring>
          </imsmd:source>
          <imsmd:value>
            <imsmd:langstring xml:lang="en">Presentacion</imsmd:langstring>
          </imsmd:value>
        </imsmd:learningresourcetype>
        <imsmd:interactivitylevel>
          <imsmd:source>
            <imsmd:langstring xml:lang="en">LOMv1.0</imsmd:langstring>
          </imsmd:source>
          <imsmd:value>
            <imsmd:langstring xml:lang="en">high</imsmd:langstring>
          </imsmd:value>
        </imsmd:interactivitylevel>
        <imsmd:semanticdensity>
          <imsmd:source>
            <imsmd:langstring xml:lang="en">LOMv1.0</imsmd:langstring>
          </imsmd:source>
          <imsmd:value>
            <imsmd:langstring xml:lang="en">high</imsmd:langstring>
          </imsmd:value>
        </imsmd:semanticdensity>
        <imsmd:intendedenduserrole>
          <imsmd:source>
            <imsmd:langstring xml:lang="en">LOMv1.0</imsmd:langstring>
          </imsmd:source>
          <imsmd:value>
            <imsmd:langstring xml:lang="en">Learner</imsmd:langstring>
          </imsmd:value>
        </imsmd:intendedenduserrole>
        <imsmd:context>
          <imsmd:source>
            <imsmd:langstring xml:lang="en">LOMv1.0</imsmd:langstring>
          </imsmd:source>
          <imsmd:value>
            <imsmd:langstring xml:lang="en">Higher Education</imsmd:langstring>
          </imsmd:value>
        </imsmd:context>
        <imsmd:difficulty>
          <imsmd:source>
            <imsmd:langstring xml:lang="en">LOMv1.0</imsmd:langstring>
          </imsmd:source>
          <imsmd:value>
            <imsmd:langstring xml:lang="en">medium</imsmd:langstring>
          </imsmd:value>
        </imsmd:difficulty>
        <imsmd:language>es</imsmd:language>
      </imsmd:educational>
      <imsmd:rights>
        <imsmd:cost>
          <imsmd:source>
            <imsmd:langstring xml:lang="en">LOMv1.0</imsmd:langstring>
          </imsmd:source>
          <imsmd:value>
            <imsmd:langstring xml:lang="en" />
          </imsmd:value>
        </imsmd:cost>
        <imsmd:copyrightandotherrestrictions>
          <imsmd:source>
            <imsmd:langstring xml:lang="en">LOMv1.0</imsmd:langstring>
          </imsmd:source>
          <imsmd:value>
            <imsmd:langstring xml:lang="en">yes</imsmd:langstring>
          </imsmd:value>
        </imsmd:copyrightandotherrestrictions>
      </imsmd:rights>
    </imsmd:lom>
  </metadata>
  <organizations default="ORG-EE6BF09C4A6A2CBBF614F52B6AC80F50">
    <organization identifier="ORG-EE6BF09C4A6A2CBBF614F52B6AC80F50" structure="hierarchical">
      <title>principal</title>
      <item identifier="ITEM-79271F58374990437BC0ECDEA6F8AA3A" identifierref="RES-226C1386D7D46A9309A0F58B736CA67F" isvisible="true">
        <title>Control de Cuentas de Usuario</title>
        <item identifier="ITEM-80A82314C8BEE5FAF7746B80FDCDC6A2" identifierref="RES-2AF6AEA4AD60AAE2C22DD70361D376F0" isvisible="true">
          <title>Autoevaluacion</title>
        </item>
      </item>
    </organization>
  </organizations>
  <resources>
    <resource identifier="RES-226C1386D7D46A9309A0F58B736CA67F" type="webcontent" href="Control%20Cuentas%20de%20Usuario%20-%20VISTA.swf" adlcp:scormtype="sco">
      <file href="Control%20Cuentas%20de%20Usuario%20-%20VISTA.swf" />
    </resource>
    <resource identifier="RES-2AF6AEA4AD60AAE2C22DD70361D376F0" type="webcontent" href="archivo.txt" adlcp:scormtype="asset">
      <file href="archivo.txt" />
    </resource>
  </resources>
</manifest>

