<?xml version="1.0" encoding="UTF-8"?>
<!--This is a Reload version 2.5.5 Metadata document-->
<!--Spawned from the Reload Metadata Generator - http://www.reload.ac.uk-->
<lom xmlns="http://www.imsglobal.org/xsd/imsmd_v1p2" xmlns:xsi="http://www.w3.org/2001/XMLSchema-instance" xsi:schemaLocation="http://www.imsglobal.org/xsd/imsmd_v1p2 imsmd_v1p2p4.xsd">
  <general>
    <identifier>Objetos de Apendizaje - Seguridad para Windows Vista</identifier>
    <title>
      <langstring xml:lang="en">Control de Cuentas de Usuario</langstring>
    </title>
    <language>es</language>
    <description>
      <langstring xml:lang="en">Objeto de Aprendizaje con el cual se enseñará la forma de configuracion del Control de Cuentas de Usuario para plataformas Windows Vista</langstring>
    </description>
    <keyword>
      <langstring xml:lang="en">AUC, Privilegios, Token, Credenciales</langstring>
    </keyword>
  </general>
  <lifecycle>
    <version>
      <langstring xml:lang="en">1.0</langstring>
    </version>
    <status>
      <source>
        <langstring xml:lang="en">LOMv1.0</langstring>
      </source>
      <value>
        <langstring xml:lang="en">Final</langstring>
      </value>
    </status>
    <contribute>
      <role>
        <source>
          <langstring xml:lang="en">LOMv1.0</langstring>
        </source>
        <value>
          <langstring xml:lang="en">Author</langstring>
        </value>
      </role>
      <centity>
        <vcard>Carlos Enrique Vargas - Paula Prada Alvarez</vcard>
      </centity>
      <date>
        <datetime>20/11/2009</datetime>
      </date>
    </contribute>
  </lifecycle>
  <technical>
    <format>application/x-shockwave-flash</format>
    <size>1357</size>
    <location>Universidad San Buenaventua</location>
    <requirement>
      <type>
        <source>
          <langstring xml:lang="en">LOMv1.0</langstring>
        </source>
        <value>
          <langstring xml:lang="en">Browser</langstring>
        </value>
      </type>
      <name>
        <source>
          <langstring xml:lang="en">LOMv1.0</langstring>
        </source>
        <value>
          <langstring xml:lang="en">Microsoft Internet Explorer</langstring>
        </value>
      </name>
      <minimumversion>6.0</minimumversion>
      <maximumversion>ultima</maximumversion>
    </requirement>
  </technical>
  <educational>
    <interactivitytype>
      <source>
        <langstring xml:lang="en">LOMv1.0</langstring>
      </source>
      <value>
        <langstring xml:lang="en">Mixed</langstring>
      </value>
    </interactivitytype>
    <learningresourcetype>
      <source>
        <langstring xml:lang="en">LOMv1.0</langstring>
      </source>
      <value>
        <langstring xml:lang="en">presentacion</langstring>
      </value>
    </learningresourcetype>
    <interactivitylevel>
      <source>
        <langstring xml:lang="en">LOMv1.0</langstring>
      </source>
      <value>
        <langstring xml:lang="en">high</langstring>
      </value>
    </interactivitylevel>
    <semanticdensity>
      <source>
        <langstring xml:lang="en">LOMv1.0</langstring>
      </source>
      <value>
        <langstring xml:lang="en">medium</langstring>
      </value>
    </semanticdensity>
    <intendedenduserrole>
      <source>
        <langstring xml:lang="en">LOMv1.0</langstring>
      </source>
      <value>
        <langstring xml:lang="en">Learner</langstring>
      </value>
    </intendedenduserrole>
    <context>
      <source>
        <langstring xml:lang="en">LOMv1.0</langstring>
      </source>
      <value>
        <langstring xml:lang="en">Higher Education</langstring>
      </value>
    </context>
  </educational>
  <rights>
    <copyrightandotherrestrictions>
      <source>
        <langstring xml:lang="en">LOMv1.0</langstring>
      </source>
      <value>
        <langstring xml:lang="en">yes</langstring>
      </value>
    </copyrightandotherrestrictions>
  </rights>
</lom>

