<?xml version="1.0" encoding="UTF-8"?>
<!--This is a Reload version 2.0.2 SCORM 1.2 Content Package document-->
<!--Spawned from the Reload Content Package Generator - http://www.reload.ac.uk-->
<manifest xmlns="http://www.imsproject.org/xsd/imscp_rootv1p1p2" xmlns:imsmd="http://www.imsglobal.org/xsd/imsmd_rootv1p2p1" xmlns:xsi="http://www.w3.org/2001/XMLSchema-instance" xmlns:adlcp="http://www.adlnet.org/xsd/adlcp_rootv1p2" identifier="MANIFEST-BB8F8B8D-215F-7845-DEBB-824235FA151E" xsi:schemaLocation="http://www.imsproject.org/xsd/imscp_rootv1p1p2 imscp_rootv1p1p2.xsd http://www.imsglobal.org/xsd/imsmd_rootv1p2p1 imsmd_rootv1p2p1.xsd http://www.adlnet.org/xsd/adlcp_rootv1p2 adlcp_rootv1p2.xsd">
  <metadata>
    <imsmd:lom xmlns:imsmd="http://www.imsglobal.org/xsd/imsmd_v1p2">
      <imsmd:general>
        <imsmd:identifier>Walson Yussan Zuñiga Mosquera</imsmd:identifier>
        <imsmd:title>
          <imsmd:langstring xml:lang="en">Conteni reutilizable para enseñar a Incorporar Scorm a Moodle</imsmd:langstring>
        </imsmd:title>
        <imsmd:catalogentry>
          <imsmd:catalog>Objetos de Aprendizaje para Edugrupotex</imsmd:catalog>
          <imsmd:entry>
            <imsmd:langstring xml:lang="en" />
          </imsmd:entry>
        </imsmd:catalogentry>
        <imsmd:language>es</imsmd:language>
        <imsmd:description>
          <imsmd:langstring xml:lang="en">Incorporar Scorm a Moodle</imsmd:langstring>
        </imsmd:description>
        <imsmd:keyword>
          <imsmd:langstring xml:lang="en">SCORM, RLOAD EDITOR, PAQUETES REUTILIZABLES, OBJETOS DE APRENDIZAJE</imsmd:langstring>
        </imsmd:keyword>
        <imsmd:structure>
          <imsmd:source>
            <imsmd:langstring xml:lang="en">LOMv1.0</imsmd:langstring>
          </imsmd:source>
          <imsmd:value>
            <imsmd:langstring xml:lang="x-none">Collection</imsmd:langstring>
          </imsmd:value>
        </imsmd:structure>
        <imsmd:aggregationlevel>
          <imsmd:source>
            <imsmd:langstring xml:lang="en">LOMv1.0</imsmd:langstring>
          </imsmd:source>
          <imsmd:value>
            <imsmd:langstring xml:lang="x-none">1</imsmd:langstring>
          </imsmd:value>
        </imsmd:aggregationlevel>
      </imsmd:general>
      <imsmd:lifecycle>
        <imsmd:version>
          <imsmd:langstring xml:lang="en">01</imsmd:langstring>
        </imsmd:version>
        <imsmd:contribute>
          <imsmd:role>
            <imsmd:source>
              <imsmd:langstring xml:lang="en">LOMv1.0</imsmd:langstring>
            </imsmd:source>
            <imsmd:value>
              <imsmd:langstring xml:lang="x-none">Author</imsmd:langstring>
            </imsmd:value>
          </imsmd:role>
          <imsmd:date>
            <imsmd:datetime>10 de Abril de 2009</imsmd:datetime>
          </imsmd:date>
        </imsmd:contribute>
      </imsmd:lifecycle>
      <imsmd:technical>
        <imsmd:requirement>
          <imsmd:type>
            <imsmd:source>
              <imsmd:langstring xml:lang="en">LOMv1.0</imsmd:langstring>
            </imsmd:source>
            <imsmd:value>
              <imsmd:langstring xml:lang="x-none">Browser</imsmd:langstring>
            </imsmd:value>
          </imsmd:type>
          <imsmd:name>
            <imsmd:source>
              <imsmd:langstring xml:lang="en">LOMv1.0</imsmd:langstring>
            </imsmd:source>
            <imsmd:value>
              <imsmd:langstring xml:lang="x-none">Microsoft Internet Explorer</imsmd:langstring>
            </imsmd:value>
          </imsmd:name>
          <imsmd:minimumversion>6 - 7 - 8</imsmd:minimumversion>
        </imsmd:requirement>
      </imsmd:technical>
      <imsmd:educational>
        <imsmd:learningresourcetype>
          <imsmd:source>
            <imsmd:langstring xml:lang="en">LOMv1.0</imsmd:langstring>
          </imsmd:source>
          <imsmd:value>
            <imsmd:langstring xml:lang="x-none">Slide</imsmd:langstring>
          </imsmd:value>
        </imsmd:learningresourcetype>
      </imsmd:educational>
      <imsmd:rights>
        <imsmd:cost>
          <imsmd:source>
            <imsmd:langstring xml:lang="en">LOMv1.0</imsmd:langstring>
          </imsmd:source>
          <imsmd:value>
            <imsmd:langstring xml:lang="x-none">no</imsmd:langstring>
          </imsmd:value>
        </imsmd:cost>
      </imsmd:rights>
    </imsmd:lom>
  </metadata>
  <organizations default="ORG-3B89BCD0-BABB-8209-93E7-1E2AA5FEF017">
    <organization identifier="ORG-3B89BCD0-BABB-8209-93E7-1E2AA5FEF017" structure="hierarchical">
      <title>Organization</title>
      <item identifier="ITEM-3D8502A5-E408-D9CE-024D-5058182D243B" identifierref="RES-B05DC4A8-8DCC-ACBE-3DC1-2B893A77783F" isvisible="true">
        <title>Presentación</title>
      </item>
      <item identifier="ITEM-81CE9AE0-6AF0-5E58-3784-08ABAD3D952A" identifierref="RES-0B2457EB-F284-9E18-F486-9573997A8164" isvisible="true">
        <title>Contenido</title>
      </item>
      <item identifier="ITEM-9D9DAC9D-1AFA-DDFE-4A89-A3EED6A4B587" identifierref="RES-489B5F3E-EF15-52E0-00D0-CB4D159D89AB" isvisible="true">
        <title>Evaluación</title>
      </item>
      <item identifier="ITEM-FDD99B57-D60C-42FF-2C7C-B697158566B4" identifierref="RES-F1190694-8807-A2F5-9698-038B223C5668" isvisible="true">
        <title>Metadata</title>
      </item>
    </organization>
  </organizations>
  <resources>
    <resource identifier="RES-B05DC4A8-8DCC-ACBE-3DC1-2B893A77783F" type="webcontent" adlcp:scormtype="sco" href="principal.html">
      <file href="principal.html" />
    </resource>
    <resource identifier="RES-0B2457EB-F284-9E18-F486-9573997A8164" type="webcontent" adlcp:scormtype="sco" href="index.html">
      <file href="index.html" />
    </resource>
    <resource identifier="RES-F1190694-8807-A2F5-9698-038B223C5668" type="webcontent" adlcp:scormtype="sco" href="metadata.html">
      <file href="metadata.html" />
    </resource>
    <resource identifier="RES-489B5F3E-EF15-52E0-00D0-CB4D159D89AB" type="webcontent" adlcp:scormtype="sco" href="Temp/Temp.html">
      <file href="Temp/Temp.html" />
      <file href="Temp/swf.js" />
      <file href="Temp/Temp.swf" />
    </resource>
  </resources>
</manifest>

