<?xml version="1.0" encoding="UTF-8"?>
<!--This is a Reload version 2.0.2 Metadata document-->
<!--Spawned from the Reload Metadata Generator - http://www.reload.ac.uk-->
<lom xmlns="http://www.imsglobal.org/xsd/imsmd_v1p2" xmlns:xsi="http://www.w3.org/2001/XMLSchema-instance" xsi:schemaLocation="http://www.imsglobal.org/xsd/imsmd_v1p2 imsmd_v1p2p2.xsd">
  <general>
    <identifier>Walson Yussan Zuñiga Mosquera</identifier>
    <title>
      <langstring xml:lang="en">Conteni reutilizable para enseñar a Incorporar Scorm a Moodle</langstring>
    </title>
    <catalogentry>
      <catalog>Objetos de Aprendizaje para Edugrupotex</catalog>
      <entry>
        <langstring xml:lang="en" />
      </entry>
    </catalogentry>
    <language>es</language>
    <description>
      <langstring xml:lang="en">Incorporar Scorm a Moodle</langstring>
    </description>
    <keyword>
      <langstring xml:lang="en">SCORM, RLOAD EDITOR, PAQUETES REUTILIZABLES, OBJETOS DE APRENDIZAJE</langstring>
    </keyword>
    <structure>
      <source>
        <langstring xml:lang="en">LOMv1.0</langstring>
      </source>
      <value>
        <langstring xml:lang="x-none">Collection</langstring>
      </value>
    </structure>
    <aggregationlevel>
      <source>
        <langstring xml:lang="en">LOMv1.0</langstring>
      </source>
      <value>
        <langstring xml:lang="x-none">1</langstring>
      </value>
    </aggregationlevel>
  </general>
  <lifecycle>
    <version>
      <langstring xml:lang="en">01</langstring>
    </version>
    <contribute>
      <role>
        <source>
          <langstring xml:lang="en">LOMv1.0</langstring>
        </source>
        <value>
          <langstring xml:lang="x-none">Author</langstring>
        </value>
      </role>
      <date>
        <datetime>10 de Abril de 2009</datetime>
      </date>
    </contribute>
  </lifecycle>
  <technical>
    <requirement>
      <type>
        <source>
          <langstring xml:lang="en">LOMv1.0</langstring>
        </source>
        <value>
          <langstring xml:lang="x-none">Browser</langstring>
        </value>
      </type>
      <name>
        <source>
          <langstring xml:lang="en">LOMv1.0</langstring>
        </source>
        <value>
          <langstring xml:lang="x-none">Microsoft Internet Explorer</langstring>
        </value>
      </name>
      <minimumversion>6 - 7 - 8</minimumversion>
    </requirement>
  </technical>
  <educational>
    <learningresourcetype>
      <source>
        <langstring xml:lang="en">LOMv1.0</langstring>
      </source>
      <value>
        <langstring xml:lang="x-none">Slide</langstring>
      </value>
    </learningresourcetype>
  </educational>
  <rights>
    <cost>
      <source>
        <langstring xml:lang="en">LOMv1.0</langstring>
      </source>
      <value>
        <langstring xml:lang="x-none">no</langstring>
      </value>
    </cost>
  </rights>
</lom>

